id,cx_uv_mm,cy_uv_mm,cx_xyz_mm,cy_xyz_mm,cz_xyz_mm,diameter_mm,circularity,area_px
0,-9.127497,-10.822212,2.103533,-8.249292,-4.534276,0.788062,0.768649,331
1,10.767191,-3.135162,-4.118377,11.645189,-0.019101,0.768365,0.781711,311
2,3.474878,-2.604296,-4.548061,4.352862,0.292319,0.794224,0.738339,333
3,-8.638970,-2.527752,-4.610015,-7.760988,0.336715,0.903810,0.812000,432
4,-10.606527,3.488303,-9.479419,-9.728707,3.869586,0.825827,0.749881,360
5,10.818805,7.010931,-12.330640,11.696530,5.939251,0.776675,0.688504,323
6,3.527128,9.380320,-14.248427,4.404789,7.330354,0.891610,0.754501,424
7,-8.573459,9.482166,-14.330862,-7.695800,7.389609,0.881249,0.778443,404
8,10.876642,9.514787,-14.357265,11.754299,7.409657,0.772921,0.563952,331
